order_id,order_creation_time,order_status,sku_reference_no,product_name,variation_name,quantity,original_price,deal_price,seller_voucher_discount,seller_rebate,shopee_voucher_subsidy,seller_absorbed_discount_total,real_selling_price_per_unit,buyer_total_payment
261010SP0001,2026-10-10 00:07:37,Unpaid,SKU-CUSHION-02,Flawless Cover Cushion - 02 Natural,Default,1,199000,186119,20000,0,0,32881,166119,166119
261010SP0002,2026-10-10 01:49:11,Unpaid,SKU-LIP-VELVET-02,Velvet Matte Lipstick - Berry Red,Default,1,129000,118360,10000,0,15000,20640,108360,93360
261010SP0003,2026-10-10 00:32:37,Unpaid,SKU-MOISTURIZER-01,Ceramide Deep Moisture Cream 50g,Default,1,159000,112342,50000,15000,20000,111658,47342,27342
261010SP0004,2026-10-10 00:27:42,Unpaid,SKU-SUNSCREEN-01,UV Shield Watery Sunscreen SPF50 50ml,Default,1,139000,123651,0,0,10000,15349,123651,113651
261010SP0005,2026-10-10 00:59:20,Unpaid,SKU-LIP-VELVET-02,Velvet Matte Lipstick - Berry Red,Default,1,129000,117662,0,0,0,11338,117662,117662
261010SP0006,2026-10-10 00:10:34,To Ship,SKU-SERUM-VITC-01,Glow Radiance Vitamin C Serum 30ml,Default,1,179000,154520,10000,0,0,34480,144520,144520
261010SP0007,2026-10-10 00:48:18,To Ship,SKU-LIP-GLAZE-01,Dewy Tint Lip Glaze - Nude Peach,Default,1,115000,85497,40000,10000,20000,79503,35497,15497
261010SP0008,2026-10-10 01:25:06,To Ship,SKU-LIP-GLAZE-01,Dewy Tint Lip Glaze - Nude Peach,Default,1,115000,107981,0,0,0,7019,107981,107981
261010SP0009,2026-10-10 00:35:18,To Ship,SKU-MOISTURIZER-01,Ceramide Deep Moisture Cream 50g,Default,1,159000,140601,0,0,10000,18399,140601,130601
261010SP0010,2026-10-10 01:05:31,To Ship,SKU-SERUM-HYALU-01,Hydra Barrier Serum 50ml,Default,2,165000,154210,30000,0,10000,51580,139210,268420
261010SP0011,2026-10-10 00:06:00,To Ship,SKU-SUNSCREEN-01,UV Shield Watery Sunscreen SPF50 50ml,Default,1,139000,127005,20000,0,10000,31995,107005,97005
261010SP0012,2026-10-10 01:11:45,To Ship,SKU-CUSHION-01,Flawless Cover Cushion - 01 Light Beige,Default,1,199000,141081,50000,10000,10000,117919,81081,71081
261010SP0013,2026-10-10 01:47:23,To Ship,SKU-MOISTURIZER-01,Ceramide Deep Moisture Cream 50g,Default,1,159000,141983,15000,0,0,32017,126983,126983
261010SP0014,2026-10-10 00:46:13,To Ship,SKU-FASH-DRESS-01,Floral Tiered Midi Dress - Pastel Blue (S/M),Default,1,289000,248620,0,0,10000,40380,248620,238620
261010SP0015,2026-10-10 01:20:47,To Ship,SKU-LIP-GLAZE-01,Dewy Tint Lip Glaze - Nude Peach,Default,2,115000,100472,20000,0,10000,49056,90472,170944
261010SP0016,2026-10-10 00:04:11,To Ship,SKU-SUNSCREEN-01,UV Shield Watery Sunscreen SPF50 50ml,Default,1,139000,123872,0,0,15000,15128,123872,108872
261010SP0017,2026-10-10 01:44:15,To Ship,SKU-SERUM-HYALU-01,Hydra Barrier Serum 50ml,Default,1,165000,151821,10000,0,10000,23179,141821,131821
261010SP0018,2026-10-10 00:29:12,To Ship,SKU-CUSHION-02,Flawless Cover Cushion - 02 Natural,Default,1,199000,152362,35000,10000,10000,112813,86187,97362
261010SP0019,2026-10-10 00:25:25,To Ship,SKU-SUNSCREEN-01,UV Shield Watery Sunscreen SPF50 50ml,Default,1,139000,119114,0,0,10000,19886,119114,109114
261010SP0020,2026-10-10 01:23:32,To Ship,SKU-CUSHION-01,Flawless Cover Cushion - 01 Light Beige,Default,1,199000,185938,10000,0,0,23062,175938,175938
261010SP0021,2026-10-10 01:53:16,To Ship,SKU-LIP-GLAZE-01,Dewy Tint Lip Glaze - Nude Peach,Default,1,115000,109060,20000,0,10000,25940,89060,79060
261010SP0022,2026-10-10 00:45:46,To Ship,SKU-SUNSCREEN-01,UV Shield Watery Sunscreen SPF50 50ml,Default,1,139000,108244,35000,15000,10000,80756,58244,48244
261010SP0023,2026-10-10 00:33:02,To Ship,SKU-CUSHION-01,Flawless Cover Cushion - 01 Light Beige,Default,1,199000,187568,0,0,15000,11432,187568,172568
261010SP0024,2026-10-10 01:35:47,To Ship,SKU-FASH-DRESS-01,Floral Tiered Midi Dress - Pastel Blue (S/M),Default,1,289000,258114,0,0,10000,30886,258114,248114
261010SP0025,2026-10-10 01:20:20,To Ship,SKU-FASH-DRESS-01,Floral Tiered Midi Dress - Pastel Blue (S/M),Default,1,289000,266450,15000,0,15000,37550,251450,236450
261010SP0026,2026-10-10 00:53:20,To Ship,SKU-CUSHION-01,Flawless Cover Cushion - 01 Light Beige,Default,1,199000,180182,20000,0,10000,38818,160182,150182
261010SP0027,2026-10-10 01:27:47,To Ship,SKU-LIP-GLAZE-01,Dewy Tint Lip Glaze - Nude Peach,Default,1,115000,101210,0,0,0,13790,101210,101210
261010SP0028,2026-10-10 00:39:18,To Ship,SKU-SERUM-VITC-01,Glow Radiance Vitamin C Serum 30ml,Default,1,179000,162531,0,0,10000,16469,162531,152531
261010SP0029,2026-10-10 00:57:28,To Ship,SKU-FASH-DRESS-01,Floral Tiered Midi Dress - Pastel Blue (S/M),Default,1,289000,213240,50000,10000,10000,161649,127351,143240
261010SP0030,2026-10-10 01:06:42,To Ship,SKU-FASH-DRESS-01,Floral Tiered Midi Dress - Pastel Blue (S/M),Default,1,289000,248348,0,0,0,40652,248348,248348
261010SP0031,2026-10-10 01:27:19,Completed,SKU-BLUSH-01,Soft Cheek Liquid Blush - Dusty Coral,Default,1,99000,85608,15000,0,15000,28392,70608,55608
261010SP0032,2026-10-10 01:49:49,Completed,SKU-SERUM-HYALU-01,Hydra Barrier Serum 50ml,Default,1,165000,154871,0,0,15000,10129,154871,139871
261010SP0033,2026-10-10 01:30:24,Completed,SKU-FASH-DRESS-02,Satin Slip Evening Dress - Emerald (M/L),Default,1,329000,284505,0,0,0,44495,284505,284505
261010SP0034,2026-10-10 01:40:27,Completed,SKU-BLUSH-01,Soft Cheek Liquid Blush - Dusty Coral,Default,1,99000,93633,0,0,0,5367,93633,93633
261010SP0035,2026-10-10 01:12:15,Completed,SKU-CUSHION-02,Flawless Cover Cushion - 02 Natural,Default,1,199000,185098,0,0,15000,13902,185098,170098
261010SP0036,2026-10-10 01:17:20,Completed,SKU-FASH-DENIM-01,High Waist Straight Denim - Vintage Blue (28),Default,2,299000,223954,100000,30000,20000,329214,134393,297908
261010SP0037,2026-10-10 01:36:55,Completed,SKU-FASH-DRESS-01,Floral Tiered Midi Dress - Pastel Blue (S/M),Default,1,289000,267376,0,0,10000,21624,267376,257376
261010SP0038,2026-10-10 01:39:49,Completed,SKU-FASH-BLOUSE-02,Puff Sleeve Silk Blouse - Ivory (M),Default,1,219000,191389,0,0,15000,27611,191389,176389
261010SP0039,2026-10-10 00:37:15,Completed,SKU-CONCEALER-01,Spot Cover Concealer - Medium,Default,1,89000,83597,10000,0,0,15403,73597,73597
261010SP0040,2026-10-10 00:50:44,Completed,SKU-MOISTURIZER-01,Ceramide Deep Moisture Cream 50g,Default,1,159000,136171,0,0,15000,22829,136171,121171
261010SP0041,2026-10-10 01:00:26,Completed,SKU-SERUM-VITC-01,Glow Radiance Vitamin C Serum 30ml,Default,1,179000,159670,0,0,15000,19330,159670,144670
261010SP0042,2026-10-10 01:30:01,Completed,SKU-FASH-DENIM-01,High Waist Straight Denim - Vintage Blue (28),Default,1,299000,268411,0,0,10000,30589,268411,258411
261010SP0043,2026-10-10 01:37:24,Completed,SKU-BODYLOTION-01,Deep Repair Body Serum 200ml,Default,1,109000,82706,50000,10000,20000,86294,22706,10000
261010SP0044,2026-10-10 00:29:17,Completed,SKU-HAIRSERUM-01,Argan Hair Treatment Oil 80ml,Default,1,135000,119999,0,0,10000,15001,119999,109999
261010SP0045,2026-10-10 01:33:10,Completed,SKU-PERFUME-02,Eau de Parfum - Fresh Citrus Cedar 50ml,Default,2,249000,236069,0,0,10000,25862,236069,462138
261010SP0046,2026-10-10 01:16:36,Completed,SKU-FASH-BAG-01,Vegan Leather Crossbody Bag - Espresso,Default,1,279000,255082,15000,0,0,38918,240082,240082
261010SP0047,2026-10-10 00:07:16,Completed,SKU-SHEETMASK-01,Collagen Firming Sheet Mask (Pack of 5),Default,1,75000,67160,15000,0,10000,22840,52160,42160
261010SP0048,2026-10-10 01:37:53,Completed,SKU-BODYLOTION-01,Deep Repair Body Serum 200ml,Default,1,109000,93542,20000,0,0,35458,73542,73542
261010SP0049,2026-10-10 00:45:14,Completed,SKU-FASH-TOTE-01,Canvas Shoulder Tote Bag - Ecru,Default,1,149000,115710,35000,10000,10000,95266,53734,60710
261010SP0050,2026-10-10 01:48:01,Completed,SKU-FASH-TEE-01,Essential Heavyweight Cotton Tee - White (M),Default,1,129000,111278,0,0,15000,17722,111278,96278
