order_id,created_time,order_status,seller_sku,product_name,variation,quantity,retail_price,seller_discount,shop_voucher_discount,platform_discount,platform_voucher,seller_absorbed_discount_total,net_unit_settlement_price,total_settlement_amount
5789102000198,2026-10-10 00:28:29,Pending,SKU-SERUM-HYALU-01,Hydra Barrier Serum 50ml,Standard,1,165000,15137,0,0,0,15137,149863,149863
5789102000298,2026-10-10 00:40:06,Pending,SKU-MOISTURIZER-01,Ceramide Deep Moisture Cream 50g,Standard,1,159000,36760,50000,15000,20000,86760,72240,72240
5789102000398,2026-10-10 01:32:12,Pending,SKU-LIP-VELVET-02,Velvet Matte Lipstick - Berry Red,Standard,1,129000,17820,20000,10000,0,37820,91180,91180
5789102000498,2026-10-10 01:42:36,Pending,SKU-LIP-VELVET-01,Velvet Matte Lipstick - Dusky Rose,Standard,1,129000,14188,0,10000,0,14188,114812,114812
5789102000598,2026-10-10 01:49:26,Pending,SKU-CUSHION-02,Flawless Cover Cushion - 02 Natural,Standard,1,199000,29303,0,10000,0,29303,169697,169697
5789102000698,2026-10-10 00:56:11,Pending,SKU-MICELLAR-01,Gentle Cleansing Micellar Water 400ml,Standard,2,89000,40406,100000,30000,20000,140406,18797,37594
5789102000798,2026-10-10 00:56:52,Pending,SKU-MOISTURIZER-01,Ceramide Deep Moisture Cream 50g,Standard,1,159000,22199,0,0,15000,22199,136801,136801
5789102000898,2026-10-10 01:53:28,Pending,SKU-SERUM-VITC-01,Glow Radiance Vitamin C Serum 30ml,Standard,1,179000,21460,0,10000,0,21460,157540,157540
5789102000998,2026-10-10 01:04:54,Awaiting Shipment,SKU-SUNSCREEN-01,UV Shield Watery Sunscreen SPF50 50ml,Standard,1,139000,13183,0,10000,15000,13183,125817,125817
5789102001098,2026-10-10 01:53:38,Awaiting Shipment,SKU-SERUM-HYALU-01,Hydra Barrier Serum 50ml,Standard,1,165000,19167,10000,10000,15000,29167,135833,135833
5789102001198,2026-10-10 01:12:48,Awaiting Shipment,SKU-SERUM-VITC-01,Glow Radiance Vitamin C Serum 30ml,Standard,1,179000,47361,45000,15000,10000,92361,86639,86639
5789102001298,2026-10-10 00:12:18,Awaiting Shipment,SKU-SERUM-VITC-01,Glow Radiance Vitamin C Serum 30ml,Standard,1,179000,17368,0,10000,15000,17368,161632,161632
5789102001398,2026-10-10 01:11:33,Awaiting Shipment,SKU-SUNSCREEN-01,UV Shield Watery Sunscreen SPF50 50ml,Standard,1,139000,18377,20000,10000,15000,38377,100623,100623
5789102001498,2026-10-10 00:40:16,Awaiting Shipment,SKU-SERUM-VITC-01,Glow Radiance Vitamin C Serum 30ml,Standard,1,179000,16733,20000,0,0,36733,142267,142267
5789102001598,2026-10-10 00:28:47,Awaiting Shipment,SKU-CUSHION-02,Flawless Cover Cushion - 02 Natural,Standard,1,199000,24132,0,10000,0,24132,174868,174868
5789102001698,2026-10-10 01:47:12,Awaiting Shipment,SKU-SERUM-HYALU-01,Hydra Barrier Serum 50ml,Standard,1,165000,15272,20000,0,15000,35272,129728,129728
5789102001798,2026-10-10 00:06:03,Awaiting Shipment,SKU-MICELLAR-01,Gentle Cleansing Micellar Water 400ml,Standard,1,89000,13001,0,10000,0,13001,75999,75999
5789102001898,2026-10-10 01:52:00,Awaiting Shipment,SKU-MOISTURIZER-01,Ceramide Deep Moisture Cream 50g,Standard,1,159000,18048,10000,10000,15000,28048,130952,130952
5789102001998,2026-10-10 00:15:52,Awaiting Shipment,SKU-LIP-VELVET-02,Velvet Matte Lipstick - Berry Red,Standard,1,129000,26755,50000,10000,10000,76755,52245,52245
5789102002098,2026-10-10 00:20:51,Awaiting Shipment,SKU-MOISTURIZER-01,Ceramide Deep Moisture Cream 50g,Standard,2,159000,27336,40000,20000,0,67336,125332,250664
5789102002198,2026-10-10 01:40:33,Awaiting Shipment,SKU-CUSHION-01,Flawless Cover Cushion - 01 Light Beige,Standard,1,199000,22087,0,10000,15000,22087,176913,176913
5789102002298,2026-10-10 01:13:39,Awaiting Shipment,SKU-LIP-VELVET-01,Velvet Matte Lipstick - Dusky Rose,Standard,1,129000,17003,0,0,0,17003,111997,111997
5789102002398,2026-10-10 00:34:42,Awaiting Shipment,SKU-LIP-VELVET-02,Velvet Matte Lipstick - Berry Red,Standard,1,129000,11889,10000,10000,15000,21889,107111,107111
5789102002498,2026-10-10 01:29:38,Awaiting Shipment,SKU-CUSHION-02,Flawless Cover Cushion - 02 Natural,Standard,1,199000,19144,0,10000,0,19144,179856,179856
5789102002598,2026-10-10 01:28:14,Awaiting Shipment,SKU-SERUM-HYALU-01,Hydra Barrier Serum 50ml,Standard,1,165000,43313,50000,10000,20000,93313,71687,71687
5789102002698,2026-10-10 00:15:34,Awaiting Shipment,SKU-SERUM-VITC-01,Glow Radiance Vitamin C Serum 30ml,Standard,1,179000,25702,0,0,0,25702,153298,153298
5789102002798,2026-10-10 00:22:50,Awaiting Shipment,SKU-SERUM-HYALU-01,Hydra Barrier Serum 50ml,Standard,1,165000,22719,0,10000,0,22719,142281,142281
5789102002898,2026-10-10 01:00:44,Awaiting Shipment,SKU-SERUM-HYALU-01,Hydra Barrier Serum 50ml,Standard,1,165000,24087,0,10000,15000,24087,140913,140913
5789102002998,2026-10-10 00:11:38,Awaiting Shipment,SKU-LIP-GLAZE-01,Dewy Tint Lip Glaze - Nude Peach,Standard,2,115000,30224,0,0,0,30224,99888,199776
5789102003098,2026-10-10 00:30:43,Awaiting Shipment,SKU-FASH-PANTS-02,Wide Leg Pleated Trousers - Black (L),Standard,1,249000,20281,0,10000,0,20281,228719,228719
5789102003198,2026-10-10 01:38:48,Awaiting Shipment,SKU-CLEANSER-01,Low pH Amino Acid Facial Cleanser 100ml,Standard,1,95000,11932,0,0,15000,11932,83068,83068
5789102003298,2026-10-10 01:22:52,Awaiting Shipment,SKU-FASH-DRESS-02,Satin Slip Evening Dress - Emerald (M/L),Standard,2,329000,74288,0,20000,0,74288,291856,583712
5789102003398,2026-10-10 01:50:10,Awaiting Shipment,SKU-EYECREAM-01,Caffeine Eye Serum Roll-on 15ml,Standard,1,149000,37182,50000,15000,10000,87182,61818,61818
5789102003498,2026-10-10 00:59:05,Awaiting Shipment,SKU-EXFOLIATOR-01,AHA BHA PHA Peeling Solution 30ml,Standard,1,139000,12247,0,0,15000,12247,126753,126753
5789102003598,2026-10-10 00:53:03,Awaiting Shipment,SKU-EYELINER-01,Precision Waterproof Liquid Eyeliner - Black,Standard,1,79000,9763,0,10000,0,9763,69237,69237
5789102003698,2026-10-10 00:27:17,Completed,SKU-FASH-PANTS-01,Wide Leg Pleated Trousers - Beige (M),Standard,1,249000,24940,0,10000,0,24940,224060,224060
5789102003798,2026-10-10 00:04:40,Completed,SKU-FASH-BLAZER-01,Oversized Tailored Linen Blazer - Sand,Standard,1,379000,49150,10000,10000,0,59150,319850,319850
5789102003898,2026-10-10 00:29:53,Completed,SKU-CUSHION-02,Flawless Cover Cushion - 02 Natural,Standard,1,199000,17556,0,10000,15000,17556,181444,181444
5789102003998,2026-10-10 01:06:45,Completed,SKU-CONCEALER-01,Spot Cover Concealer - Medium,Standard,1,89000,10125,0,10000,0,10125,78875,78875
5789102004098,2026-10-10 00:50:12,Completed,SKU-FASH-BLAZER-01,Oversized Tailored Linen Blazer - Sand,Standard,1,379000,109126,30000,15000,20000,208568,170432,170432
5789102004198,2026-10-10 01:41:32,Completed,SKU-CONCEALER-01,Spot Cover Concealer - Medium,Standard,2,89000,17764,40000,20000,0,57764,60118,120236
5789102004298,2026-10-10 00:58:34,Completed,SKU-FASH-DRESS-01,Floral Tiered Midi Dress - Pastel Blue (S/M),Standard,1,289000,34285,0,10000,15000,34285,254715,254715
5789102004398,2026-10-10 01:52:12,Completed,SKU-FASH-BELT-01,Classic Brass Buckle Leather Belt - Tan,Standard,1,89000,9505,0,10000,0,9505,79495,79495
5789102004498,2026-10-10 00:41:47,Completed,SKU-FASH-DRESS-01,Floral Tiered Midi Dress - Pastel Blue (S/M),Standard,1,289000,39534,0,0,15000,39534,249466,249466
5789102004598,2026-10-10 00:05:08,Completed,SKU-FASH-BLOUSE-01,Puff Sleeve Silk Blouse - Ivory (S),Standard,2,219000,45218,30000,0,15000,75218,181391,362782
5789102004698,2026-10-10 00:02:46,Completed,SKU-MOISTURIZER-01,Ceramide Deep Moisture Cream 50g,Standard,1,159000,42211,30000,10000,20000,100804,58196,58196
5789102004798,2026-10-10 00:34:21,Completed,SKU-FASH-TEE-01,Essential Heavyweight Cotton Tee - White (M),Standard,1,129000,16188,0,10000,15000,16188,112812,112812
5789102004898,2026-10-10 01:21:45,Completed,SKU-FASH-DENIM-01,High Waist Straight Denim - Vintage Blue (28),Standard,1,299000,35243,0,0,15000,35243,263757,263757
5789102004998,2026-10-10 00:30:47,Completed,SKU-SUNSCREEN-01,UV Shield Watery Sunscreen SPF50 50ml,Standard,1,139000,12077,0,0,15000,12077,126923,126923
5789102005098,2026-10-10 00:22:44,Completed,SKU-CLAYMASK-01,Pore Purifying Mugwort Clay Mask 100g,Standard,2,129000,21470,0,20000,15000,21470,118265,236530
